Rank,Coffee Shop,Country,Address
1,Tropicalia Coffee,Colombia,"Cl. 81a #8-23, Bogotá, Colombia"
2,Kafi Wasi Café Tostaduría,Peru,"Calle, Calle Pte. Bolognesi 216, Arequipa, Perú"
3,Holaste! Specialty Coffee,Chile,"Carlos Bories 385, Ultima Esperanza, Natales, Región de Magallanes, Chile"
4,FANKØR,Ecuador,"Whymper N27-55 y, Quito 170518, Ecuador"
5,TRIBUTO casa de café &#8211; Chacao,Venezuela,"local G, edifico Donatello, C. Cecilio Acosta, Caracas 1060, Miranda, Venezuela"
6,FRUTO Café,Argentina,"Jorge Luis Borges 2021, C1414 Cdad. Autónoma de Buenos Aires, Argentina"
7,Monotono Specialty Coffee,Peru,"Jirón Fedelli 103, Barranco 15063, Perú"
8,Cupping Café,Brazil,"R. Wisard, 171 - Vila Madalena, São Paulo - SP, 05434-080, Brasil"
9,Puku Puku,Peru,"Av. la Paz 463, Miraflores, Perú"
10,Eco Mapu Coffee Villarica,Chile,"Julio Zegers 530, Villarrica, Región de La Araucanía, Chile"
11,Typica Café,Bolivia,"La Paz 661, Cochabamba, Bolivia"
12,Pergamino Café Laureles,Colombia,"Cq 73 #34 - 65, Laureles - Estadio, Medellín, Laureles, Medellín, Antioquia, Colombia"
13,Caferatto Café Especial,Colombia,"Cra. 23c #62-72, Manizales, Caldas, Colombia"
14,Wake Up Coffee Lab,Chile,"Errazuriz 944, Punta Arenas, Región de Magallanes, Chile"
15,Masaro Café,Peru,"La Florida 576, Chiclayo 14000, Perú"
16,Mulano Coffee Shop,Ecuador,"Avenida Loja, Piñas, Ecuador"
17,Origen Tostadores de Café,Peru,"Av. Simón Bolívar 1199, Pueblo Libre 15084, Perú"
18,Casa Canela,Venezuela,"C5GF+8RC, C. Bolivar las Marias, Caracas 1083, Miranda, Venezuela"
19,Mugen Coffee Project,Bolivia,"Av.20 de Octubre 2475, La Paz, Bolivia"
20,Coffee Five,Brazil,"Rua da quitanda 86, centro , Rio de Janeiro, Brazil"
21,Café Guayasamin &#8211; Centro Quito,Ecuador,"Calle García Moreno y Mejía, esquina, Quito, Ecuador"
22,Café de Barrio,Argentina,"Buenos Aires 601 Local 4, X5000, Córdoba, Argentina"
23,Three Monkeys Coffee Cusco,Peru,"Pje. Pampa de la Alianza 474, Cusco 08000, Perú"
24,Abstrakto Café de Especialidad,Uruguay,"Calderon de la Barca, 20000 Maldonado, Departamento de Maldonado, Uruguay"
25,Neira Café Lab,Peru,"Calle Enrique Palacios 1074, Miraflores 15074, Perú"
26,Café Local,Chile,"General Urrutia 630, Región de La Araucanía, Villarrica, Chile"
27,Tasta Café,Peru,"Challhuamayo, Capiro, 12310, Perú"
28,Oso Café,Peru,"Cl. San Francisco 217, Arequipa, 04001, Perú"
29,Insignia Coffee,Colombia,"Cl. 41 #41-43 F25, Ibagué, Tolima, Colombia"
30,Alquimia Specialty Coffee Shop,Bolivia,"6RQ2+WQ2, C. F, Santa Cruz de la Sierra, Santa Cruz de la Sierra, Bolivia 0000"
31,Antaqa Café,Peru,"Jirón Tres Máscaras 510, Ayacucho, 05003, Perú"
32,Café 4 Llamas &#8211; Santa Cruz,Bolivia,"Condominio You Plaza, Santa Cruz de la Sierra, Bolivia"
33,Café Micelio Puerto Varas,Chile,"Calle Estación 262, Región de Los Lagos, Puerto Varas, Chile"
34,Rua &#8211; Café de especialidad curado,Ecuador,"Victor Emilio Estrada 419 y, Guayaquil, 090511, Ecuador"
35,Café 18 &#8211; El Chicó,Colombia,"Cra. 11B #96-54, Bogotá, Colombia"
36,Cronopios Café,Ecuador,"Bernardo Valdivieso, y, Loja 110108, Ecuador"
37,Abisinia Café y Tostaduria,Peru,"Rodríguez de Mendoza 245, Pueblo Libre 15084, Perú"
38,Slow Brew Coffee Shop Cuenca,Ecuador,"Aurelio Aguilar V. 1-93 y, Cuenca 010107, Ecuador"
39,Hb Bronze Coffeebar,Bolivia,"Plaza Tomas Frias Illimani 1570, La Paz, Bolivia"
40,Tres,Argentina,"Teodoro García 2806, C1426DNB Cdad. Autónoma de Buenos Aires, Argentina"
41,Don Salazar,Peru,"Calle Las Camelias 185 San Isidro, Peru"
42,Cuervo Café,Argentina,"El Salvador 4580, C1414 Cdad. Autónoma de Buenos Aires, Argentina"
43,Punto Café,Peru,"C. Piura 1251, Miraflores, 15074, Perú"
44,Famosta Café,Colombia,"Av. Juan B Gutierrez #17-55, Pereira, Risaralda, Colombia"
45,Negro Cueva de Café,Argentina,"Suipacha 637, C1006 Cdad. Autónoma de Buenos Aires, Argentina"
46,Libertario Coffee Roasters &#8211; Calle 70a,Colombia,"Cl. 70a # 5 - 37, Bogotá, Colombia"
47,Surry Hills Coffee Palermo,Argentina,"Arévalo 2877, C1426 Cdad. Autónoma de Buenos Aires, Argentina"
48,Azahar Café,Colombia,"Cl 93b #13-91, Bogotá, Colombia"
49,D&#8217;Sala Caffe,Peru,"Jr Gonzalez Prada 543 Surquillo, Peru"
50,Cafe Folks,Chile,"O'Higgins 624, Puerto Varas, Región de Los Lagos, Chile"
51,Café Melosa,Venezuela,"Centro San Ignacio, C. Elice, Caracas 1060, Distrito Capital, Venezuela"
52,Florencia y Fortunata Specialty Coffee,Peru,"Suecia 332, Cusco 08000, Perú"
53,Roaster Specialty Coffee,Bolivia,"Calle Rene Moreno Bloque E N20 San Miguel, La Paz, Bolivia 20"
54,Stratto Bodega de Café + Coffee Shop,Ecuador,"Vizcaya, y E13-18, Quito 170525, Ecuador"
55,Raiz Coffee,Peru,"Calle Porta 152, Miraflores, 15074, Perú"
56,Café Buena Vista,Bolivia,"Calle los robles, C. los Claveles, Santa Cruz de la Sierra, Bolivia"
57,Buho Nomada,Chile,"Avenida Lago Peñuelas 1987, Región de Los Lagos, Puerto Montt, Chile"
58,Colo Coffee,Colombia,"Cra. 6a #117-26, Usaquén, Bogotá, Cundinamarca, Colombia"
59,Atmosférico Cafetería de Especialidad,Ecuador,"CC Diana Quintana 2. Locales 3-4 PB, Av. Samborondón, Samborondón 092301, Ecuador"
60,Indera Experience Cafetería de especialidad,Ecuador,"Junto a, Av. Lateral de Paso Angel F. Rojas, Loja 110102, Ecuador"
61,Kofi &amp; Co,Brazil,"Rua Alexandre Dumas, 1518 - Chácara Santo Antônio (Zona Sul), São Paulo - SP, 04717-003, Brasil"
62,TIPICA CAFÉ Milla de Oro,Colombia,"Cl. 5 Sur #42-17, El Poblado, Medellín, El Poblado, Medellín, Antioquia, Colombia"
63,Coffee Busters Roastery,Peru,"Av. Dos de Mayo 412, San Isidro, 15073, Perú"
64,Mato Café,Brazil,"R. Francisco Otaviano, 67 - Loja 13 - Ipanema, Rio de Janeiro - RJ, 22080-040, Brasil"
65,Cafetería Tunki Katari,Peru,"Av. San Borja Sur 610, Lima 15037, Perú"
66,KOF &#8211; king of the fork,Brazil,"R. Artur de Azevedo, 1317 - Pinheiros, São Paulo - SP, 05404-013, Brasil"
67,Cafe Ao Leu,Brazil,"R. Alm. Gonçalves, 50 - Loja L - Copacabana, Rio de Janeiro - RJ, 22060-040, Brasil"
68,Primates Tostadores,Chile,"Calle 30 Oriente 1562, Región del Maule, Talca, Chile"
69,Lucca Cafes Especiais,Brazil,"Alameda Pres. Taunay, 40 - Batel, Curitiba - PR, 80420-180, Brasil"
70,María Julio Coffee Shop,Colombia,"Cl. 29 #25-38, Manga, Cartagena de Indias, Provincia de Cartagena, Bolívar, Colombia"
71,Kaweh Coffee Shop,Ecuador,"XQXX+FCC, entre Bolivar &, Bernardo Valdivieso, Loja, Ecuador"
72,Puma Café,Peru,"Sargento Enrique Villar 101, Lima 15074, Perú"
73,Dagadá,Ecuador,"24 de Mayo, Loja, Ecuador"
74,SOMOS Specialty Coffee,Bolivia,"Km 7 73, Sucre, Bolivia"
75,Coffeestylers,Colombia,"Calle 57 #19-35, Bogotá, Colombia 110111"
76,Amanecer Coffee Store,Venezuela,"C.C. Plaza Mayor, Av. Via la Tapa de Pieda, Araure 3303, Portuguesa, Venezuela"
77,ARTEMISA Coffee &amp; Cocktail Bar,Chile,"Tajamar 287, R. Metropolitana, Las Condes, Chile"
78,Alto Tostado Coffee Roasters &#8211; Santa Cruz,Bolivia,"Patio Design Lifestyle Centr, Av. Busch y, Santa Cruz de la Sierra, Bolivia"
79,Eleganza Coffee Roasters,Chile,"589R+4J Melipeuco, Melipeuco, Región de La Araucanía"
80,Ciclos Café,Peru,"Jr. Colina 111, Lima, 15063, Perú"
81,BlackSoul Café Brewing Lab,Bolivia,"A.Quijarro 1746, Cochabamba, Bolivia"
82,MARRÓN CAFÉ,Venezuela,"6X5J+GHJ, Av. 107, Valencia 2001, Carabobo, Venezuela"
83,Laurino Coffee,Colombia,"630004, Cl. 3 Nte. #17-34, Armenia, Quindío, Colombia"
84,Cafe Nexos,Venezuela,"entre calles 16 y 17 Avenida 5, Mérida 5115, Mérida, Venezuela"
85,9 Gramos Café,Colombia,"Cra. 17 #10-07, Pereira, Risaralda, Colombia"
86,MANVA Natural Market,Venezuela,"Calle Miranda edificio Elvira, Local 5 Chacao, planta baja, Caracas 1060, Miranda, Venezuela"
87,Rita Specialty Coffee Armenia,Argentina,"Armenia 1595, C1414 Cdad. Autónoma de Buenos Aires, Argentina"
88,Café Black Mamba,Chile,"Eliodoro Yáñez 1228, local 104, R. Metropolitana, Providencia, Chile"
89,Kaffe&#8217;i,Paraguay,"Palma 438, Asunción 001013, Paraguay"
90,Elevaria Café,Peru,"Av. Fátima 285, Trujillo, 13008, Perú"
91,Casa Berracos,Uruguay,"Estero Bellaco 2835, 11600 Montevideo, Departamento de Montevideo, Uruguay"
92,Senzuru Coffee,Peru,"Las Palmeras 205, San Isidro 15073, Perú"
93,Anella Café,Venezuela,"6XCP+25H, Av. 104 La Victoria, Valencia 2001, Carabobo, Venezuela"
94,Kajue Café,Argentina,"Guatemala 4665, C1425 Cdad. Autónoma de Buenos Aires, Argentina"
95,Varietale Chapinero,Colombia,"Cra. 4a #57-02, Bogotá, Colombia"
96,Ninina,Argentina,"Gorriti 4738, C1414BJL Cdad. Autónoma de Buenos Aires, Argentina"
97,Guanacoffee,Peru,"Sta Isabel 140, Pueblo Libre, 15084, Perú"
98,Barista Coffee House,Argentina,"Ocampo 1404, S2000EYD Rosario, Santa Fe, Argentina"
99,Café Bauda,Chile,"Pedro Montt 431, Castro, Región de Los Lagos, Chile"
100,Calu&#8217;s,Argentina,"Conesa 3705, C1429 C1429ALQ, Cdad. Autónoma de Buenos Aires, Argentina"
