[
  {
    "name": "Onyx Coffee LAB",
    "city": "",
    "country": "USA",
    "rank": 1,
    "category": "Top 100",
    "source_url": "https://theworlds100bestcoffeeshops.com/locales/onyx-coffee-lab/",
    "lat": null,
    "lng": null,
    "place_id": null,
    "formatted_address": "101 E Walnut Ave Rogers, AR 72756, USA"
  },
  {
    "name": "Tim Wendelboe",
    "city": "",
    "country": "Norway",
    "rank": 2,
    "category": "Top 100",
    "source_url": "https://theworlds100bestcoffeeshops.com/locales/tim-wendelboe/",
    "lat": null,
    "lng": null,
    "place_id": null,
    "formatted_address": "Grüners Gate 1, 0552 Oslo, Norway"
  },
  {
    "name": "Alquimia Coffee",
    "city": "",
    "country": "El Salvador",
    "rank": 3,
    "category": "Top 100",
    "source_url": "https://theworlds100bestcoffeeshops.com/locales/alquimia-coffee/",
    "lat": null,
    "lng": null,
    "place_id": null,
    "formatted_address": "Calle Circunvalación, 294, San Salvador, El Salvador"
  },
  {
    "name": "Only Coffee Project Crows Nest",
    "city": "",
    "country": "Australia",
    "rank": 4,
    "category": "Top 100",
    "source_url": "https://theworlds100bestcoffeeshops.com/locales/only-coffee-project-crows-nest/",
    "lat": null,
    "lng": null,
    "place_id": null,
    "formatted_address": "Shop 2/118 Willoughby Rd, Crows Nest NSW 2065, Australia"
  },
  {
    "name": "Toby&#8217;s Estate Coffee Roasters",
    "city": "",
    "country": "Australia",
    "rank": 5,
    "category": "Top 100",
    "source_url": "https://theworlds100bestcoffeeshops.com/locales/tobbys-estate/",
    "lat": null,
    "lng": null,
    "place_id": null,
    "formatted_address": "32-36 City Rd, Chippendale NSW 2008, Australia"
  },
  {
    "name": "Apartment Coffee",
    "city": "",
    "country": "Singapore",
    "rank": 6,
    "category": "Top 100",
    "source_url": "https://theworlds100bestcoffeeshops.com/locales/apartment-coffee/",
    "lat": null,
    "lng": null,
    "place_id": null,
    "formatted_address": "139, Selegie Road, Singapore, 18309, Singapore"
  },
  {
    "name": "Gota Coffee Experts",
    "city": "",
    "country": "Austria",
    "rank": 7,
    "category": "Top 100",
    "source_url": "https://theworlds100bestcoffeeshops.com/locales/gota-coffee-experts/",
    "lat": null,
    "lng": null,
    "place_id": null,
    "formatted_address": "Mariahilfer Straße 192, 1150, Vienna, Austria"
  },
  {
    "name": "Story of Ono",
    "city": "",
    "country": "Malaysia",
    "rank": 8,
    "category": "Top 100",
    "source_url": "https://theworlds100bestcoffeeshops.com/locales/story-of-ono/",
    "lat": null,
    "lng": null,
    "place_id": null,
    "formatted_address": "47, Jalan SS 2/30, SS 2, 47300 Petaling Jaya, Selangor, Malaysia"
  },
  {
    "name": "Tropicalia Coffee",
    "city": "",
    "country": "Colombia",
    "rank": 9,
    "category": "Top 100",
    "source_url": "https://theworlds100bestcoffeeshops.com/locales/tropicalia-coffee/",
    "lat": null,
    "lng": null,
    "place_id": null,
    "formatted_address": "CLL 81A 8 23, Bogota, Colombia"
  },
  {
    "name": "Tanat",
    "city": "",
    "country": "France",
    "rank": 10,
    "category": "Top 100",
    "source_url": "https://theworlds100bestcoffeeshops.com/locales/kawa/",
    "lat": null,
    "lng": null,
    "place_id": null,
    "formatted_address": "22 Av. Victoria, 75001, Paris, France"
  },
  {
    "name": "FANKØR",
    "city": "",
    "country": "Ecuador",
    "rank": 11,
    "category": "Top 100",
    "source_url": "https://theworlds100bestcoffeeshops.com/locales/fankor/",
    "lat": null,
    "lng": null,
    "place_id": null,
    "formatted_address": "Whymper N27-55 y, Quito 170518, Ecuador"
  },
  {
    "name": "Arcane Estate Coffee",
    "city": "",
    "country": "USA",
    "rank": 12,
    "category": "Top 100",
    "source_url": "https://theworlds100bestcoffeeshops.com/locales/arcane-estate-coffee/",
    "lat": null,
    "lng": null,
    "place_id": null,
    "formatted_address": "37 Cornelia St, New York, NY 10014, USA"
  },
  {
    "name": "Beta Coffee",
    "city": "",
    "country": "Australia",
    "rank": 13,
    "category": "Top 100",
    "source_url": "https://theworlds100bestcoffeeshops.com/locales/beta-coffee/",
    "lat": null,
    "lng": null,
    "place_id": null,
    "formatted_address": "76 Devonshire St, Surry Hills, Sydney, Australia 2010"
  },
  {
    "name": "Nomadic Specialty Coffee",
    "city": "",
    "country": "Egypt",
    "rank": 14,
    "category": "Top 100",
    "source_url": "https://theworlds100bestcoffeeshops.com/locales/nomadic-specialty-coffee/",
    "lat": null,
    "lng": null,
    "place_id": null,
    "formatted_address": "17 Ahmed Heshmat, Mohammed Mazhar, Zamalek, Cairo Governorate 4271160, Egypt"
  },
  {
    "name": "Nemesis Coffee",
    "city": "",
    "country": "Canada",
    "rank": 15,
    "category": "Top 100",
    "source_url": "https://theworlds100bestcoffeeshops.com/locales/nemesis-coffee/",
    "lat": null,
    "lng": null,
    "place_id": null,
    "formatted_address": "302 W Hastings St, Vancouver, BC V6B 2N4, Canada"
  },
  {
    "name": "Nomad Frutas Selectas",
    "city": "",
    "country": "Spain",
    "rank": 16,
    "category": "Top 100",
    "source_url": "https://theworlds100bestcoffeeshops.com/locales/nomad-frutas-selectas/",
    "lat": null,
    "lng": null,
    "place_id": null,
    "formatted_address": "Carrer de Pujades, 95, Sant Martí, 08005 Barcelona, Spain"
  },
  {
    "name": "Kafi Wasi Café Tostaduría",
    "city": "",
    "country": "Peru",
    "rank": 17,
    "category": "Top 100",
    "source_url": "https://theworlds100bestcoffeeshops.com/locales/kafi-wasi-cafe-tostaduria/",
    "lat": null,
    "lng": null,
    "place_id": null,
    "formatted_address": "Calle Pte. Bolognesi 216, Arequipa 04001, Peru"
  },
  {
    "name": "Benchmark Coffee",
    "city": "",
    "country": "UAE",
    "rank": 18,
    "category": "Top 100",
    "source_url": "https://theworlds100bestcoffeeshops.com/locales/benchmark-coffee/",
    "lat": null,
    "lng": null,
    "place_id": null,
    "formatted_address": "Aljada, Boulevard-1 - Units # BLV1-FB2/BLV1-R07 - Sharjah - UAE"
  },
  {
    "name": "Hola Coffee Lagasca",
    "city": "",
    "country": "Spain",
    "rank": 19,
    "category": "Top 100",
    "source_url": "https://theworlds100bestcoffeeshops.com/locales/hola-coffee-lagasca/",
    "lat": null,
    "lng": null,
    "place_id": null,
    "formatted_address": "Calle Lagasca, 42, 28001, Madrid, Spain"
  },
  {
    "name": "BlendIn Coffee Club",
    "city": "",
    "country": "USA",
    "rank": 20,
    "category": "Top 100",
    "source_url": "https://theworlds100bestcoffeeshops.com/locales/blendin-coffee-club/",
    "lat": null,
    "lng": null,
    "place_id": null,
    "formatted_address": "8410 Highway 90A, Bldg B Sugar Land, TX 77478, USA"
  },
  {
    "name": "Holaste! Specialty Coffee",
    "city": "",
    "country": "Chile",
    "rank": 21,
    "category": "Top 100",
    "source_url": "https://theworlds100bestcoffeeshops.com/locales/holaste-specialty-coffee/",
    "lat": null,
    "lng": null,
    "place_id": null,
    "formatted_address": "Carlos Bories 385, 6160000 Natales, Magallanes y la Antártica Chilena, Chile"
  },
  {
    "name": "Momos Coffee Flagship Store",
    "city": "",
    "country": "Republic of Korea",
    "rank": 22,
    "category": "Top 100",
    "source_url": "https://theworlds100bestcoffeeshops.com/locales/momos-coffee-flagship-store/",
    "lat": null,
    "lng": null,
    "place_id": null,
    "formatted_address": "20 Osige-ro, Geumjeong-gu, Busan, Republic of Korea"
  },
  {
    "name": "Monotono Specialty Coffee",
    "city": "",
    "country": "Peru",
    "rank": 23,
    "category": "Top 100",
    "source_url": "https://theworlds100bestcoffeeshops.com/locales/monotono-specialty-coffee/",
    "lat": null,
    "lng": null,
    "place_id": null,
    "formatted_address": "Jirón Fedelli 103, Barranco 15063, Peru"
  },
  {
    "name": "Ult Coffee",
    "city": "",
    "country": "Japan",
    "rank": 24,
    "category": "Top 100",
    "source_url": "https://theworlds100bestcoffeeshops.com/locales/ult-coffee/",
    "lat": null,
    "lng": null,
    "place_id": null,
    "formatted_address": "1 Chome-11-6 Kyomachibori, Nishi Ward, Osaka, 550-0003, Japan"
  },
  {
    "name": "El Injerto",
    "city": "",
    "country": "Guatemala",
    "rank": 25,
    "category": "Top 100",
    "source_url": "https://theworlds100bestcoffeeshops.com/locales/el-injerto/",
    "lat": null,
    "lng": null,
    "place_id": null,
    "formatted_address": "9 Calle 15-15, Cdad. de Guatemala 01013, Guatemala"
  },
  {
    "name": "Three Monkeys Coffee",
    "city": "",
    "country": "Peru",
    "rank": 26,
    "category": "Top 100",
    "source_url": "https://theworlds100bestcoffeeshops.com/locales/three-monkeys-coffee/",
    "lat": null,
    "lng": null,
    "place_id": null,
    "formatted_address": "Pje. Pampa de la Alianza 474, Cusco 08000, Peru"
  },
  {
    "name": "Proud Mary Coffee",
    "city": "",
    "country": "Australia",
    "rank": 27,
    "category": "Top 100",
    "source_url": "https://theworlds100bestcoffeeshops.com/locales/proud-mary-coffee/",
    "lat": null,
    "lng": null,
    "place_id": null,
    "formatted_address": "172 Oxford St, Collingwood VIC, Melbourne, Australia"
  },
  {
    "name": "Koffee Mameya Kakeru",
    "city": "",
    "country": "Japan",
    "rank": 28,
    "category": "Top 100",
    "source_url": "https://theworlds100bestcoffeeshops.com/locales/koffee-mameya-kakeru/",
    "lat": null,
    "lng": null,
    "place_id": null,
    "formatted_address": "2 Chome-16-14 Hirano, Koto City, Tokyo 135-0023, Japan"
  },
  {
    "name": "Coffee Anthology",
    "city": "",
    "country": "Australia",
    "rank": 29,
    "category": "Top 100",
    "source_url": "https://theworlds100bestcoffeeshops.com/locales/coffee-anthology/",
    "lat": null,
    "lng": null,
    "place_id": null,
    "formatted_address": "155, Charlotte St, Brisbane City QLD 4000, Australia"
  },
  {
    "name": "7g Roaster",
    "city": "",
    "country": "Portugal",
    "rank": 30,
    "category": "Top 100",
    "source_url": "https://theworlds100bestcoffeeshops.com/locales/7g-roaster/",
    "lat": null,
    "lng": null,
    "place_id": null,
    "formatted_address": "R. de França 52, 4400-174 Vila Nova de Gaia, Portugal"
  },
  {
    "name": "Espresso Alchemy",
    "city": "",
    "country": "China",
    "rank": 31,
    "category": "Top 100",
    "source_url": "https://theworlds100bestcoffeeshops.com/locales/espresso-alchemy/",
    "lat": null,
    "lng": null,
    "place_id": null,
    "formatted_address": "1, B116, B1/F Mira Place, 132 Nathan Rd, Tsim Sha Tsui, Hong Kong, China"
  },
  {
    "name": "Coffeewerk + Press",
    "city": "",
    "country": "Ireland",
    "rank": 32,
    "category": "Top 100",
    "source_url": "https://theworlds100bestcoffeeshops.com/locales/coffeewek-press/",
    "lat": null,
    "lng": null,
    "place_id": null,
    "formatted_address": "4 Quay St, Galway, Ireland"
  },
  {
    "name": "Typica Café",
    "city": "",
    "country": "Bolivia",
    "rank": 33,
    "category": "Top 100",
    "source_url": "https://theworlds100bestcoffeeshops.com/locales/typica-cafe/",
    "lat": null,
    "lng": null,
    "place_id": null,
    "formatted_address": "Edificio Tres Cruces, Batallón Colorados 40, La Paz, Bolivia"
  },
  {
    "name": "Yardstick",
    "city": "",
    "country": "The Philippines",
    "rank": 34,
    "category": "Top 100",
    "source_url": "https://theworlds100bestcoffeeshops.com/locales/yardstick/",
    "lat": null,
    "lng": null,
    "place_id": null,
    "formatted_address": "106, Esteban Street, Makati, Metro Manila"
  },
  {
    "name": "Histórico",
    "city": "",
    "country": "Mexico",
    "rank": 35,
    "category": "Top 100",
    "source_url": "https://theworlds100bestcoffeeshops.com/locales/historico/",
    "lat": null,
    "lng": null,
    "place_id": null,
    "formatted_address": "Miguel Hidalgo 1, Centro, 29200 San Cristóbal de las Casas, Chis., México"
  },
  {
    "name": "Coffee Sind",
    "city": "",
    "country": "Taiwan",
    "rank": 36,
    "category": "Top 100",
    "source_url": "https://theworlds100bestcoffeeshops.com/locales/coffee-sind/",
    "lat": null,
    "lng": null,
    "place_id": null,
    "formatted_address": "No. 8號, Lane 56, Section 1, Xinsheng S Rd, Zhongzheng District, Taipei City, Taiwan 100"
  },
  {
    "name": "DeLafinca Specialty Coffee",
    "city": "",
    "country": "Nicaragua",
    "rank": 37,
    "category": "Top 100",
    "source_url": "https://theworlds100bestcoffeeshops.com/locales/delafinca-specialty-coffee/",
    "lat": null,
    "lng": null,
    "place_id": null,
    "formatted_address": "Costado Sur del Parque, Managua 11169, Managua, Nicaragua"
  },
  {
    "name": "Ottoman Coffee House",
    "city": "",
    "country": "Scotland",
    "rank": 38,
    "category": "Top 100",
    "source_url": "https://theworlds100bestcoffeeshops.com/locales/ottoman-coffee-house/",
    "lat": null,
    "lng": null,
    "place_id": null,
    "formatted_address": "73 Berkeley St., Glasgow G3 7DX, United Kingdom"
  },
  {
    "name": "Casa Canela",
    "city": "",
    "country": "Venezuela",
    "rank": 39,
    "category": "Top 100",
    "source_url": "https://theworlds100bestcoffeeshops.com/locales/casa-canela/",
    "lat": null,
    "lng": null,
    "place_id": null,
    "formatted_address": "C5GF+8RC, C. Bolivar las Marias, Caracas 1083, Miranda, Venezuela"
  },
  {
    "name": "Espressolab",
    "city": "",
    "country": "South Africa",
    "rank": 40,
    "category": "Top 100",
    "source_url": "https://theworlds100bestcoffeeshops.com/locales/espresso-lab/",
    "lat": null,
    "lng": null,
    "place_id": null,
    "formatted_address": "The Old Biscuit Mill 375 Albert Road Woodstock 7925 Cape Town, South Africa"
  },
  {
    "name": "Seven Mystery",
    "city": "",
    "country": "Canada",
    "rank": 41,
    "category": "Top 100",
    "source_url": "https://theworlds100bestcoffeeshops.com/locales/seven-mystery/",
    "lat": null,
    "lng": null,
    "place_id": null,
    "formatted_address": "50 Weybright Court, unit 13, Toronto, Ontario M1S 5A8"
  },
  {
    "name": "Faro",
    "city": "",
    "country": "Italy",
    "rank": 42,
    "category": "Top 100",
    "source_url": "https://theworlds100bestcoffeeshops.com/locales/faro/",
    "lat": null,
    "lng": null,
    "place_id": null,
    "formatted_address": "Via Piave 55, 00187 Rome, Italy"
  },
  {
    "name": "Domestique",
    "city": "",
    "country": "USA",
    "rank": 43,
    "category": "Top 100",
    "source_url": "https://theworlds100bestcoffeeshops.com/locales/domestique/",
    "lat": null,
    "lng": null,
    "place_id": null,
    "formatted_address": "200 41st St S, Birmingham, AL 35222, USA"
  },
  {
    "name": "Harvest Coffee",
    "city": "",
    "country": "Qatar",
    "rank": 44,
    "category": "Top 100",
    "source_url": "https://theworlds100bestcoffeeshops.com/locales/harvest-coffee/",
    "lat": null,
    "lng": null,
    "place_id": null,
    "formatted_address": "Water Taxi PA-1, Marina Way One, Doha, Qatar"
  },
  {
    "name": "Origen Tostadores de Café",
    "city": "",
    "country": "Peru",
    "rank": 45,
    "category": "Top 100",
    "source_url": "https://theworlds100bestcoffeeshops.com/locales/origen-tostadores-de-cafe/",
    "lat": null,
    "lng": null,
    "place_id": null,
    "formatted_address": "Av. Simón Bolívar 1199, Pueblo Libre 15084, Lima, Peru"
  },
  {
    "name": "KEEP Coffee Roastery",
    "city": "",
    "country": "China",
    "rank": 46,
    "category": "Top 100",
    "source_url": "https://theworlds100bestcoffeeshops.com/locales/keep-coffee-roastery/",
    "lat": null,
    "lng": null,
    "place_id": null,
    "formatted_address": "No. 113號, Huaian St, Sanmin District, Kaohsiung City, Taiwan 807045"
  },
  {
    "name": "Meet LAB Coffee",
    "city": "",
    "country": "Turkey",
    "rank": 47,
    "category": "Top 100",
    "source_url": "https://theworlds100bestcoffeeshops.com/locales/meet-lab-coffee/",
    "lat": null,
    "lng": null,
    "place_id": null,
    "formatted_address": "Caddebostan, Selin Sk. No:6A/13, 34000 Kadıköy/İstanbul, Turkey"
  },
  {
    "name": "Mulano Coffee Shop",
    "city": "",
    "country": "Ecuador",
    "rank": 48,
    "category": "Top 100",
    "source_url": "https://theworlds100bestcoffeeshops.com/locales/mulano-coffee-shop/",
    "lat": null,
    "lng": null,
    "place_id": null,
    "formatted_address": "Av. Loja y Juan León Mera, Piñas, Ecuador"
  },
  {
    "name": "La Cabra",
    "city": "",
    "country": "Denmark",
    "rank": 49,
    "category": "Top 100",
    "source_url": "https://theworlds100bestcoffeeshops.com/locales/la-cabra/",
    "lat": null,
    "lng": null,
    "place_id": null,
    "formatted_address": "Møntergade 3A, 1116 København K, Denmark"
  },
  {
    "name": "Birch Coffee",
    "city": "",
    "country": "England",
    "rank": 50,
    "category": "Top 100",
    "source_url": "https://theworlds100bestcoffeeshops.com/locales/birch-coffee/",
    "lat": null,
    "lng": null,
    "place_id": null,
    "formatted_address": "Bayfield Rd, Portree IV51 9EL, United Kingdom"
  },
  {
    "name": "Ruli Coffee",
    "city": "",
    "country": "Republic of Korea",
    "rank": 51,
    "category": "Top 100",
    "source_url": "https://theworlds100bestcoffeeshops.com/locales/ruli-coffee/",
    "lat": null,
    "lng": null,
    "place_id": null,
    "formatted_address": "31 Toegye-ro 20-gil, Jung District, Seoul, South Korea"
  },
  {
    "name": "Atte For Coffee",
    "city": "",
    "country": "Guatemala",
    "rank": 52,
    "category": "Top 100",
    "source_url": "https://theworlds100bestcoffeeshops.com/locales/atte-for-coffee/",
    "lat": null,
    "lng": null,
    "place_id": null,
    "formatted_address": "OG Cuatro, Vía 6, 3-56, zona 4, Cdad. de Guatemala, Guatemala"
  },
  {
    "name": "Single O",
    "city": "",
    "country": "Australia",
    "rank": 53,
    "category": "Top 100",
    "source_url": "https://theworlds100bestcoffeeshops.com/locales/single-o/",
    "lat": null,
    "lng": null,
    "place_id": null,
    "formatted_address": "60/64 Reservoir St, Surry Hills NSW 2010, Australia"
  },
  {
    "name": "Rubia Coffee Roasters",
    "city": "",
    "country": "Rwanda",
    "rank": 54,
    "category": "Top 100",
    "source_url": "https://theworlds100bestcoffeeshops.com/locales/rubia-coffee-roasters/",
    "lat": null,
    "lng": null,
    "place_id": null,
    "formatted_address": "KG 2 Ave, Kigali, Rwanda"
  },
  {
    "name": "Bob Coffee Lab",
    "city": "",
    "country": "Romania",
    "rank": 55,
    "category": "Top 100",
    "source_url": "https://theworlds100bestcoffeeshops.com/locales/bob-coffee-lab/",
    "lat": null,
    "lng": null,
    "place_id": null,
    "formatted_address": "Piața Charles de Gaulle 3, Bucharest, Romania"
  },
  {
    "name": "Unfiltered coffee",
    "city": "",
    "country": "Ireland",
    "rank": 56,
    "category": "Top 100",
    "source_url": "https://theworlds100bestcoffeeshops.com/locales/unfiltered-coffee/",
    "lat": null,
    "lng": null,
    "place_id": null,
    "formatted_address": "205B Emmet Rd, Inchicore, Dublin 8, D08 EN29, Ireland"
  },
  {
    "name": "Tomorrow Coffee Roasters",
    "city": "",
    "country": "Taiwan",
    "rank": 57,
    "category": "Top 100",
    "source_url": "https://theworlds100bestcoffeeshops.com/locales/tomorrow-coffee-roasters/",
    "lat": null,
    "lng": null,
    "place_id": null,
    "formatted_address": "20號, Lane 198, Gancheng St, Nantun District, Taichung City, Taiwan 408"
  },
  {
    "name": "Ca Passe Creme",
    "city": "",
    "country": "Switzerland",
    "rank": 58,
    "category": "Top 100",
    "source_url": "https://theworlds100bestcoffeeshops.com/locales/ca-passe-creme/",
    "lat": null,
    "lng": null,
    "place_id": null,
    "formatted_address": "Bd de Grancy 49, 1006 Lausanne, Switzerland"
  },
  {
    "name": "Eco Mapu",
    "city": "",
    "country": "Chile",
    "rank": 59,
    "category": "Top 100",
    "source_url": "https://theworlds100bestcoffeeshops.com/locales/eco-mapu/",
    "lat": null,
    "lng": null,
    "place_id": null,
    "formatted_address": "Julio Zegers 530, 4930000 Villarrica, Araucanía, Chile"
  },
  {
    "name": "43.12 Coffee",
    "city": "",
    "country": "Bulgaria",
    "rank": 60,
    "category": "Top 100",
    "source_url": "https://theworlds100bestcoffeeshops.com/locales/43-12-coffee/",
    "lat": null,
    "lng": null,
    "place_id": null,
    "formatted_address": "Varna CenterOdesos, ul. \"Preslav\" 15, 9000 Varna, Bulgaria"
  },
  {
    "name": "Fika &amp; Co. Cafe",
    "city": "",
    "country": "Thailand",
    "rank": 61,
    "category": "Top 100",
    "source_url": "https://theworlds100bestcoffeeshops.com/locales/fika-co-cafe/",
    "lat": null,
    "lng": null,
    "place_id": null,
    "formatted_address": "1788 Singha Complex Bang Kapi, Huai Khwang, Bangkok 10310, Thailand"
  },
  {
    "name": "Ditta Artigianale Specialty Coffee Roasters",
    "city": "",
    "country": "Italy",
    "rank": 62,
    "category": "Top 100",
    "source_url": "https://theworlds100bestcoffeeshops.com/locales/ditta-artigianale-specialty-coffee-roasters/",
    "lat": null,
    "lng": null,
    "place_id": null,
    "formatted_address": "Corso Magenta, 31, 20123 Milano MI, Italy"
  },
  {
    "name": "Café Nativo",
    "city": "",
    "country": "Honduras",
    "rank": 63,
    "category": "Top 100",
    "source_url": "https://theworlds100bestcoffeeshops.com/locales/cafe-nativo/",
    "lat": null,
    "lng": null,
    "place_id": null,
    "formatted_address": "4R25+3GG, Tegucigalpa, Francisco Morazán, Honduras"
  },
  {
    "name": "Caferatto",
    "city": "",
    "country": "Colombia",
    "rank": 64,
    "category": "Top 100",
    "source_url": "https://theworlds100bestcoffeeshops.com/locales/caferatto/",
    "lat": null,
    "lng": null,
    "place_id": null,
    "formatted_address": "Cra. 23c #62-72, Manizales, Caldas, Colombia"
  },
  {
    "name": "Kross Coffee Roasters",
    "city": "",
    "country": "Greece",
    "rank": 65,
    "category": "Top 100",
    "source_url": "https://theworlds100bestcoffeeshops.com/locales/kross-coffee-roasters/",
    "lat": null,
    "lng": null,
    "place_id": null,
    "formatted_address": "73, Tsouderon Str., Chania, Crete PC 73134, Greece"
  },
  {
    "name": "Prevail Coffee",
    "city": "",
    "country": "USA",
    "rank": 66,
    "category": "Top 100",
    "source_url": "https://theworlds100bestcoffeeshops.com/locales/prevail-coffee/",
    "lat": null,
    "lng": null,
    "place_id": null,
    "formatted_address": "39, Dexter Ave suite 102, Montgomery, AL 36104, USA"
  },
  {
    "name": "MOK Coffee",
    "city": "",
    "country": "Belgium",
    "rank": 67,
    "category": "Top 100",
    "source_url": "https://theworlds100bestcoffeeshops.com/locales/mok-coffee/",
    "lat": null,
    "lng": null,
    "place_id": null,
    "formatted_address": "Rue Antoine Dansaert, 196, 1000 Brussels, Belgium"
  },
  {
    "name": "Azura &#8211; The Coffee Company",
    "city": "",
    "country": "69",
    "rank": 68,
    "category": "Top 100",
    "source_url": "https://theworlds100bestcoffeeshops.com/locales/azura-the-coffee-company/",
    "lat": null,
    "lng": null,
    "place_id": null,
    "formatted_address": "Way Number: 9203 Building Number: 790, Muscat, Oman"
  },
  {
    "name": "The Golden Pig",
    "city": "",
    "country": "Honduras",
    "rank": 70,
    "category": "Top 100",
    "source_url": "https://theworlds100bestcoffeeshops.com/locales/the-golden-pig/",
    "lat": null,
    "lng": null,
    "place_id": null,
    "formatted_address": "Blvr. Los Próceres, 21100 San Pedro Sula, Cortés, Honduras"
  },
  {
    "name": "Little Victories Coffee",
    "city": "",
    "country": "Canada",
    "rank": 71,
    "category": "Top 100",
    "source_url": "https://theworlds100bestcoffeeshops.com/locales/little-victories-coffee/",
    "lat": null,
    "lng": null,
    "place_id": null,
    "formatted_address": "Boulevard Los Próceres, 21100 San Pedro Sula, Cortés, Honduras"
  },
  {
    "name": "Push x Pull",
    "city": "",
    "country": "USA",
    "rank": 72,
    "category": "Top 100",
    "source_url": "https://theworlds100bestcoffeeshops.com/locales/push-x-pull/",
    "lat": null,
    "lng": null,
    "place_id": null,
    "formatted_address": "821 SE Stark St, Portland, OR 97214, USA"
  },
  {
    "name": "Galani Coffee",
    "city": "",
    "country": "Ethiopia",
    "rank": 73,
    "category": "Top 100",
    "source_url": "https://theworlds100bestcoffeeshops.com/locales/galani-coffee/",
    "lat": null,
    "lng": null,
    "place_id": null,
    "formatted_address": "Jacros - Salite Mehret Rd, Addis Ababa, Ethiopia"
  },
  {
    "name": "Wake up",
    "city": "",
    "country": "Chile",
    "rank": 74,
    "category": "Top 100",
    "source_url": "https://theworlds100bestcoffeeshops.com/locales/wake-up/",
    "lat": null,
    "lng": null,
    "place_id": null,
    "formatted_address": "Errázuriz 944, Punta Arenas, Chile"
  },
  {
    "name": "Bouche",
    "city": "",
    "country": "Belgium",
    "rank": 75,
    "category": "Top 100",
    "source_url": "https://theworlds100bestcoffeeshops.com/locales/bouche/",
    "lat": null,
    "lng": null,
    "place_id": null,
    "formatted_address": "Rue de Namur 4, 1000 Brussels, Belgium"
  },
  {
    "name": "Café de Reyes",
    "city": "",
    "country": "Guatemala",
    "rank": 76,
    "category": "Top 100",
    "source_url": "https://theworlds100bestcoffeeshops.com/locales/cafe-de-reyes/",
    "lat": null,
    "lng": null,
    "place_id": null,
    "formatted_address": "14 Avenida 5-19A, Quetzaltenango, 09001, Guatemala"
  },
  {
    "name": "Savaya Coffee Market",
    "city": "",
    "country": "USA",
    "rank": 77,
    "category": "Top 100",
    "source_url": "https://theworlds100bestcoffeeshops.com/locales/savaya-coffee-market/",
    "lat": null,
    "lng": null,
    "place_id": null,
    "formatted_address": "6540 E Tanque Verde Rd, Tucson, AZ 85715, USA"
  },
  {
    "name": "Coffee Stopover Black",
    "city": "",
    "country": "Taiwan",
    "rank": 78,
    "category": "Top 100",
    "source_url": "https://theworlds100bestcoffeeshops.com/locales/coffee-stopover-black/",
    "lat": null,
    "lng": null,
    "place_id": null,
    "formatted_address": "403, Taiwan, Taichung City, West District, Fulong St, 7號1樓"
  },
  {
    "name": "Fuku",
    "city": "",
    "country": "Netherlands",
    "rank": 79,
    "category": "Top 100",
    "source_url": "https://theworlds100bestcoffeeshops.com/locales/fuku/",
    "lat": null,
    "lng": null,
    "place_id": null,
    "formatted_address": "Bos en Lommerweg 136 HS, 1055 ED Amsterdam, Netherlands"
  },
  {
    "name": "The Miners Coffee",
    "city": "",
    "country": "Czech Republic",
    "rank": 80,
    "category": "Top 100",
    "source_url": "https://theworlds100bestcoffeeshops.com/locales/the-miners-coffee/",
    "lat": null,
    "lng": null,
    "place_id": null,
    "formatted_address": "Železná 490/14, 110 00 Staré Město, Prague, Czech Republic"
  },
  {
    "name": "Cupping Café",
    "city": "",
    "country": "Brazil",
    "rank": 81,
    "category": "Top 100",
    "source_url": "https://theworlds100bestcoffeeshops.com/locales/cupping-cafe/",
    "lat": null,
    "lng": null,
    "place_id": null,
    "formatted_address": "R. Wisard, 171 - Vila Madalena, São Paulo - SP, 05434-080, Brazil"
  },
  {
    "name": "Coffea Guatemala",
    "city": "",
    "country": "Guatemala",
    "rank": 82,
    "category": "Top 100",
    "source_url": "https://theworlds100bestcoffeeshops.com/locales/coffea-guatemala/",
    "lat": null,
    "lng": null,
    "place_id": null,
    "formatted_address": "7A, Calle Poniente 15, Antigua Guatemala 03001, Guatemala"
  },
  {
    "name": "D·Origen Coffee Roasters Barcelona",
    "city": "",
    "country": "Spain",
    "rank": 83,
    "category": "Top 100",
    "source_url": "https://theworlds100bestcoffeeshops.com/locales/d%c2%b7origen-coffee-roasters-barcelona/",
    "lat": null,
    "lng": null,
    "place_id": null,
    "formatted_address": "Carrer de Casp, 48, L'Eixample, 08010 Barcelona, Spain"
  },
  {
    "name": "Coffee Stain",
    "city": "",
    "country": "Malaysia",
    "rank": 84,
    "category": "Top 100",
    "source_url": "https://theworlds100bestcoffeeshops.com/locales/coffee-stain/",
    "lat": null,
    "lng": null,
    "place_id": null,
    "formatted_address": "D4-G3-01, Solaris Dutamas, Kuala Lumpur, Malaysia, 50480"
  },
  {
    "name": "The Dude Specialty Coffee",
    "city": "",
    "country": "Macedonia",
    "rank": 85,
    "category": "Top 100",
    "source_url": "https://theworlds100bestcoffeeshops.com/locales/the-dude-specialty-coffee/",
    "lat": null,
    "lng": null,
    "place_id": null,
    "formatted_address": "Apostle Guslarot 16, Skopje 1000, North Macedonia"
  },
  {
    "name": "Story and Soil Coffee",
    "city": "",
    "country": "USA",
    "rank": 86,
    "category": "Top 100",
    "source_url": "https://theworlds100bestcoffeeshops.com/locales/story-and-soil-coffee/",
    "lat": null,
    "lng": null,
    "place_id": null,
    "formatted_address": "387 Capitol Ave, Hartford, CT 06106, USA"
  },
  {
    "name": "Exploradores",
    "city": "",
    "country": "Mexico",
    "rank": 87,
    "category": "Top 100",
    "source_url": "https://theworlds100bestcoffeeshops.com/locales/exploradores/",
    "lat": null,
    "lng": null,
    "place_id": null,
    "formatted_address": "Av. Santa Fe 601, Lomas de Santa Fe, Contadero, Cuajimalpa de Morelos, 05310 Cuajimalps, CDMX, Mexico"
  },
  {
    "name": "The Folks",
    "city": "",
    "country": "Portugal",
    "rank": 88,
    "category": "Top 100",
    "source_url": "https://theworlds100bestcoffeeshops.com/locales/the-folks/",
    "lat": null,
    "lng": null,
    "place_id": null,
    "formatted_address": "R. dos Sapateiros 111, 1100-619 Lisbon, Portugal"
  },
  {
    "name": "Casa Barista &#038; Co.,Casco Historico",
    "city": "",
    "country": "Dominican Republic",
    "rank": 89,
    "category": "Top 100",
    "source_url": "https://theworlds100bestcoffeeshops.com/locales/casa-barista-co-casco-historico/",
    "lat": null,
    "lng": null,
    "place_id": null,
    "formatted_address": "Casa Barista & Co.,Casco Historico, Santo Domingo, Dominican Republic"
  },
  {
    "name": "Cypher Urban Roastery",
    "city": "",
    "country": "UAE",
    "rank": 90,
    "category": "Top 100",
    "source_url": "https://theworlds100bestcoffeeshops.com/locales/cypher-urban-roastery/",
    "lat": null,
    "lng": null,
    "place_id": null,
    "formatted_address": "Al Quoz Industrial Area 3, Street 6b, Complex 76, Warehouse no. 2 - Dubai - United Arab Emirates"
  },
  {
    "name": "Cafetano Coffee Roasters",
    "city": "",
    "country": "Honduras",
    "rank": 91,
    "category": "Top 100",
    "source_url": "https://theworlds100bestcoffeeshops.com/locales/cafetano-coffee-roasters/",
    "lat": null,
    "lng": null,
    "place_id": null,
    "formatted_address": "Av. República de Costa Rica, 11101, Tegucigalpa, Francisco Morazán, Honduras"
  },
  {
    "name": "Coffee Five",
    "city": "",
    "country": "Brazil",
    "rank": 92,
    "category": "Top 100",
    "source_url": "https://theworlds100bestcoffeeshops.com/locales/coffee-five/",
    "lat": null,
    "lng": null,
    "place_id": null,
    "formatted_address": "R. da Quitanda, 86 - quiosque 01 - Centro, Rio de Janeiro - RJ, 20091-902, Brazil"
  },
  {
    "name": "Kima Coffee",
    "city": "",
    "country": "Spain",
    "rank": 93,
    "category": "Top 100",
    "source_url": "https://theworlds100bestcoffeeshops.com/locales/kima-coffee/",
    "lat": null,
    "lng": null,
    "place_id": null,
    "formatted_address": "C. Carretería, 67, Distrito Centro, 29008 Malaga, Spain"
  },
  {
    "name": "Negro",
    "city": "",
    "country": "Argentina",
    "rank": 94,
    "category": "Top 100",
    "source_url": "https://theworlds100bestcoffeeshops.com/locales/negro/",
    "lat": null,
    "lng": null,
    "place_id": null,
    "formatted_address": "Suipacha 637, C1006, Buenos Aires, Argentina"
  },
  {
    "name": "Metric",
    "city": "",
    "country": "EEUU",
    "rank": 95,
    "category": "Top 100",
    "source_url": "https://theworlds100bestcoffeeshops.com/locales/metric/",
    "lat": null,
    "lng": null,
    "place_id": null,
    "formatted_address": "2021 W Fulton St, Chicago, IL 60612, United States"
  },
  {
    "name": "El Terrible Juan Café",
    "city": "",
    "country": "México",
    "rank": 96,
    "category": "Top 100",
    "source_url": "https://theworlds100bestcoffeeshops.com/locales/el-terrible-juan-cafe/",
    "lat": null,
    "lng": null,
    "place_id": null,
    "formatted_address": "C. Colonias 440, Col Americana, Americana, 44160 Guadalajara, Jal., Mexico"
  },
  {
    "name": "Flat White Specialty Coffee",
    "city": "",
    "country": "Qatar",
    "rank": 97,
    "category": "Top 100",
    "source_url": "https://theworlds100bestcoffeeshops.com/locales/flat-white-specialty-coffee/",
    "lat": null,
    "lng": null,
    "place_id": null,
    "formatted_address": "Student Center, Doha, Qatar"
  },
  {
    "name": "Cafeoteca",
    "city": "",
    "country": "Costa Rica",
    "rank": 98,
    "category": "Top 100",
    "source_url": "https://theworlds100bestcoffeeshops.com/locales/cafeoteca/",
    "lat": null,
    "lng": null,
    "place_id": null,
    "formatted_address": "C. 31, San José, Barrio Escalante, 10101, San Jose, Costa Rica"
  },
  {
    "name": "Surry Hills Coffee",
    "city": "",
    "country": "Argentina",
    "rank": 99,
    "category": "Top 100",
    "source_url": "https://theworlds100bestcoffeeshops.com/locales/surry-hills-coffee/",
    "lat": null,
    "lng": null,
    "place_id": null,
    "formatted_address": "Arévalo 2877, C1426, Buenos Aires, Argentina"
  },
  {
    "name": "Vacation Coffee",
    "city": "",
    "country": "Australia",
    "rank": 100,
    "category": "Top 100",
    "source_url": "https://theworlds100bestcoffeeshops.com/locales/vacation-coffee/",
    "lat": null,
    "lng": null,
    "place_id": null,
    "formatted_address": "1 Exhibition St, Melbourne VIC 3000, Australia"
  },
  {
    "name": "Tropicalia Coffee",
    "city": "",
    "country": "Colombia",
    "rank": 1,
    "category": "South America",
    "source_url": "https://theworlds100bestcoffeeshops.com/locales-south/tropicalia-coffee/",
    "lat": null,
    "lng": null,
    "place_id": null,
    "formatted_address": "Cl. 81a #8-23, Bogotá, Colombia"
  },
  {
    "name": "Kafi Wasi Café Tostaduría",
    "city": "",
    "country": "Peru",
    "rank": 2,
    "category": "South America",
    "source_url": "https://theworlds100bestcoffeeshops.com/locales-south/kafi-wasi-cafe-tostaduria/",
    "lat": null,
    "lng": null,
    "place_id": null,
    "formatted_address": "Calle, Calle Pte. Bolognesi 216, Arequipa, Perú"
  },
  {
    "name": "Holaste! Specialty Coffee",
    "city": "",
    "country": "Chile",
    "rank": 3,
    "category": "South America",
    "source_url": "https://theworlds100bestcoffeeshops.com/locales-south/holaste-specialty-coffee/",
    "lat": null,
    "lng": null,
    "place_id": null,
    "formatted_address": "Carlos Bories 385, Ultima Esperanza, Natales, Región de Magallanes, Chile"
  },
  {
    "name": "FANKØR",
    "city": "",
    "country": "Ecuador",
    "rank": 4,
    "category": "South America",
    "source_url": "https://theworlds100bestcoffeeshops.com/locales-south/fankor/",
    "lat": null,
    "lng": null,
    "place_id": null,
    "formatted_address": "Whymper N27-55 y, Quito 170518, Ecuador"
  },
  {
    "name": "TRIBUTO casa de café &#8211; Chacao",
    "city": "",
    "country": "Venezuela",
    "rank": 5,
    "category": "South America",
    "source_url": "https://theworlds100bestcoffeeshops.com/locales-south/tributo-casa-de-cafe-chacao/",
    "lat": null,
    "lng": null,
    "place_id": null,
    "formatted_address": "local G, edifico Donatello, C. Cecilio Acosta, Caracas 1060, Miranda, Venezuela"
  },
  {
    "name": "FRUTO Café",
    "city": "",
    "country": "Argentina",
    "rank": 6,
    "category": "South America",
    "source_url": "https://theworlds100bestcoffeeshops.com/locales-south/fruto-cafe/",
    "lat": null,
    "lng": null,
    "place_id": null,
    "formatted_address": "Jorge Luis Borges 2021, C1414 Cdad. Autónoma de Buenos Aires, Argentina"
  },
  {
    "name": "Monotono Specialty Coffee",
    "city": "",
    "country": "Peru",
    "rank": 7,
    "category": "South America",
    "source_url": "https://theworlds100bestcoffeeshops.com/locales-south/monotono-specialty-coffee/",
    "lat": null,
    "lng": null,
    "place_id": null,
    "formatted_address": "Jirón Fedelli 103, Barranco 15063, Perú"
  },
  {
    "name": "Cupping Café",
    "city": "",
    "country": "Brazil",
    "rank": 8,
    "category": "South America",
    "source_url": "https://theworlds100bestcoffeeshops.com/locales-south/cupping-cafe/",
    "lat": null,
    "lng": null,
    "place_id": null,
    "formatted_address": "R. Wisard, 171 - Vila Madalena, São Paulo - SP, 05434-080, Brasil"
  },
  {
    "name": "Puku Puku",
    "city": "",
    "country": "Peru",
    "rank": 9,
    "category": "South America",
    "source_url": "https://theworlds100bestcoffeeshops.com/locales-south/puku-puku/",
    "lat": null,
    "lng": null,
    "place_id": null,
    "formatted_address": "Av. la Paz 463, Miraflores, Perú"
  },
  {
    "name": "Eco Mapu Coffee Villarica",
    "city": "",
    "country": "Chile",
    "rank": 10,
    "category": "South America",
    "source_url": "https://theworlds100bestcoffeeshops.com/locales-south/eco-mapu-coffee-villarica/",
    "lat": null,
    "lng": null,
    "place_id": null,
    "formatted_address": "Julio Zegers 530, Villarrica, Región de La Araucanía, Chile"
  },
  {
    "name": "Typica Café",
    "city": "",
    "country": "Bolivia",
    "rank": 11,
    "category": "South America",
    "source_url": "https://theworlds100bestcoffeeshops.com/locales-south/typica-cafe/",
    "lat": null,
    "lng": null,
    "place_id": null,
    "formatted_address": "La Paz 661, Cochabamba, Bolivia"
  },
  {
    "name": "Pergamino Café Laureles",
    "city": "",
    "country": "Colombia",
    "rank": 12,
    "category": "South America",
    "source_url": "https://theworlds100bestcoffeeshops.com/locales-south/pergamino-cafe-laureles/",
    "lat": null,
    "lng": null,
    "place_id": null,
    "formatted_address": "Cq 73 #34 - 65, Laureles - Estadio, Medellín, Laureles, Medellín, Antioquia, Colombia"
  },
  {
    "name": "Caferatto Café Especial",
    "city": "",
    "country": "Colombia",
    "rank": 13,
    "category": "South America",
    "source_url": "https://theworlds100bestcoffeeshops.com/locales-south/caferatto-cafe-especial/",
    "lat": null,
    "lng": null,
    "place_id": null,
    "formatted_address": "Cra. 23c #62-72, Manizales, Caldas, Colombia"
  },
  {
    "name": "Wake Up Coffee Lab",
    "city": "",
    "country": "Chile",
    "rank": 14,
    "category": "South America",
    "source_url": "https://theworlds100bestcoffeeshops.com/locales-south/wake-up-coffee-lab/",
    "lat": null,
    "lng": null,
    "place_id": null,
    "formatted_address": "Errazuriz 944, Punta Arenas, Región de Magallanes, Chile"
  },
  {
    "name": "Masaro Café",
    "city": "",
    "country": "Peru",
    "rank": 15,
    "category": "South America",
    "source_url": "https://theworlds100bestcoffeeshops.com/locales-south/masaro-cafe/",
    "lat": null,
    "lng": null,
    "place_id": null,
    "formatted_address": "La Florida 576, Chiclayo 14000, Perú"
  },
  {
    "name": "Mulano Coffee Shop",
    "city": "",
    "country": "Ecuador",
    "rank": 16,
    "category": "South America",
    "source_url": "https://theworlds100bestcoffeeshops.com/locales-south/mulano-coffee-shop/",
    "lat": null,
    "lng": null,
    "place_id": null,
    "formatted_address": "Avenida Loja, Piñas, Ecuador"
  },
  {
    "name": "Origen Tostadores de Café",
    "city": "",
    "country": "Peru",
    "rank": 17,
    "category": "South America",
    "source_url": "https://theworlds100bestcoffeeshops.com/locales-south/origen-tostadores-de-cafe/",
    "lat": null,
    "lng": null,
    "place_id": null,
    "formatted_address": "Av. Simón Bolívar 1199, Pueblo Libre 15084, Perú"
  },
  {
    "name": "Casa Canela",
    "city": "",
    "country": "Venezuela",
    "rank": 18,
    "category": "South America",
    "source_url": "https://theworlds100bestcoffeeshops.com/locales-south/casa-canela/",
    "lat": null,
    "lng": null,
    "place_id": null,
    "formatted_address": "C5GF+8RC, C. Bolivar las Marias, Caracas 1083, Miranda, Venezuela"
  },
  {
    "name": "Mugen Coffee Project",
    "city": "",
    "country": "Bolivia",
    "rank": 19,
    "category": "South America",
    "source_url": "https://theworlds100bestcoffeeshops.com/locales-south/mugen-coffee-project/",
    "lat": null,
    "lng": null,
    "place_id": null,
    "formatted_address": "Av.20 de Octubre 2475, La Paz, Bolivia"
  },
  {
    "name": "Coffee Five",
    "city": "",
    "country": "Brazil",
    "rank": 20,
    "category": "South America",
    "source_url": "https://theworlds100bestcoffeeshops.com/locales-south/coffee-five/",
    "lat": null,
    "lng": null,
    "place_id": null,
    "formatted_address": "Rua da quitanda 86, centro , Rio de Janeiro, Brazil"
  },
  {
    "name": "Café Guayasamin &#8211; Centro Quito",
    "city": "",
    "country": "Ecuador",
    "rank": 21,
    "category": "South America",
    "source_url": "https://theworlds100bestcoffeeshops.com/locales-south/cafe-guayasamin-centro-quito/",
    "lat": null,
    "lng": null,
    "place_id": null,
    "formatted_address": "Calle García Moreno y Mejía, esquina, Quito, Ecuador"
  },
  {
    "name": "Café de Barrio",
    "city": "",
    "country": "Argentina",
    "rank": 22,
    "category": "South America",
    "source_url": "https://theworlds100bestcoffeeshops.com/locales-south/cafe-de-barrio/",
    "lat": null,
    "lng": null,
    "place_id": null,
    "formatted_address": "Buenos Aires 601 Local 4, X5000, Córdoba, Argentina"
  },
  {
    "name": "Three Monkeys Coffee Cusco",
    "city": "",
    "country": "Peru",
    "rank": 23,
    "category": "South America",
    "source_url": "https://theworlds100bestcoffeeshops.com/locales-south/three-monkeys-coffee-cusco/",
    "lat": null,
    "lng": null,
    "place_id": null,
    "formatted_address": "Pje. Pampa de la Alianza 474, Cusco 08000, Perú"
  },
  {
    "name": "Abstrakto Café de Especialidad",
    "city": "",
    "country": "Uruguay",
    "rank": 24,
    "category": "South America",
    "source_url": "https://theworlds100bestcoffeeshops.com/locales-south/abstrakto-cafe-de-especialidad/",
    "lat": null,
    "lng": null,
    "place_id": null,
    "formatted_address": "Calderon de la Barca, 20000 Maldonado, Departamento de Maldonado, Uruguay"
  },
  {
    "name": "Neira Café Lab",
    "city": "",
    "country": "Peru",
    "rank": 25,
    "category": "South America",
    "source_url": "https://theworlds100bestcoffeeshops.com/locales-south/neira-cafe-lab/",
    "lat": null,
    "lng": null,
    "place_id": null,
    "formatted_address": "Calle Enrique Palacios 1074, Miraflores 15074, Perú"
  },
  {
    "name": "Café Local",
    "city": "",
    "country": "Chile",
    "rank": 26,
    "category": "South America",
    "source_url": "https://theworlds100bestcoffeeshops.com/locales-south/cafe-local/",
    "lat": null,
    "lng": null,
    "place_id": null,
    "formatted_address": "General Urrutia 630, Región de La Araucanía, Villarrica, Chile"
  },
  {
    "name": "Tasta Café",
    "city": "",
    "country": "Peru",
    "rank": 27,
    "category": "South America",
    "source_url": "https://theworlds100bestcoffeeshops.com/locales-south/tasta-cafe/",
    "lat": null,
    "lng": null,
    "place_id": null,
    "formatted_address": "Challhuamayo, Capiro, 12310, Perú"
  },
  {
    "name": "Oso Café",
    "city": "",
    "country": "Peru",
    "rank": 28,
    "category": "South America",
    "source_url": "https://theworlds100bestcoffeeshops.com/locales-south/oso-cafe/",
    "lat": null,
    "lng": null,
    "place_id": null,
    "formatted_address": "Cl. San Francisco 217, Arequipa, 04001, Perú"
  },
  {
    "name": "Insignia Coffee",
    "city": "",
    "country": "Colombia",
    "rank": 29,
    "category": "South America",
    "source_url": "https://theworlds100bestcoffeeshops.com/locales-south/insignia-coffee/",
    "lat": null,
    "lng": null,
    "place_id": null,
    "formatted_address": "Cl. 41 #41-43 F25, Ibagué, Tolima, Colombia"
  },
  {
    "name": "Alquimia Specialty Coffee Shop",
    "city": "",
    "country": "Bolivia",
    "rank": 30,
    "category": "South America",
    "source_url": "https://theworlds100bestcoffeeshops.com/locales-south/alquimia-specialty-coffee-shop/",
    "lat": null,
    "lng": null,
    "place_id": null,
    "formatted_address": "6RQ2+WQ2, C. F, Santa Cruz de la Sierra, Santa Cruz de la Sierra, Bolivia 0000"
  },
  {
    "name": "Antaqa Café",
    "city": "",
    "country": "Peru",
    "rank": 31,
    "category": "South America",
    "source_url": "https://theworlds100bestcoffeeshops.com/locales-south/antaqa-cafe/",
    "lat": null,
    "lng": null,
    "place_id": null,
    "formatted_address": "Jirón Tres Máscaras 510, Ayacucho, 05003, Perú"
  },
  {
    "name": "Café 4 Llamas &#8211; Santa Cruz",
    "city": "",
    "country": "Bolivia",
    "rank": 32,
    "category": "South America",
    "source_url": "https://theworlds100bestcoffeeshops.com/locales-south/cafe-4-llamas-santa-cruz/",
    "lat": null,
    "lng": null,
    "place_id": null,
    "formatted_address": "Condominio You Plaza, Santa Cruz de la Sierra, Bolivia"
  },
  {
    "name": "Café Micelio Puerto Varas",
    "city": "",
    "country": "Chile",
    "rank": 33,
    "category": "South America",
    "source_url": "https://theworlds100bestcoffeeshops.com/locales-south/cafe-micelio-puerto-varas/",
    "lat": null,
    "lng": null,
    "place_id": null,
    "formatted_address": "Calle Estación 262, Región de Los Lagos, Puerto Varas, Chile"
  },
  {
    "name": "Rua &#8211; Café de especialidad curado",
    "city": "",
    "country": "Ecuador",
    "rank": 34,
    "category": "South America",
    "source_url": "https://theworlds100bestcoffeeshops.com/locales-south/rua-cafe-de-especialidad-curado/",
    "lat": null,
    "lng": null,
    "place_id": null,
    "formatted_address": "Victor Emilio Estrada 419 y, Guayaquil, 090511, Ecuador"
  },
  {
    "name": "Café 18 &#8211; El Chicó",
    "city": "",
    "country": "Colombia",
    "rank": 35,
    "category": "South America",
    "source_url": "https://theworlds100bestcoffeeshops.com/locales-south/cafe-18-el-chico/",
    "lat": null,
    "lng": null,
    "place_id": null,
    "formatted_address": "Cra. 11B #96-54, Bogotá, Colombia"
  },
  {
    "name": "Cronopios Café",
    "city": "",
    "country": "Ecuador",
    "rank": 36,
    "category": "South America",
    "source_url": "https://theworlds100bestcoffeeshops.com/locales-south/cronopios-cafe/",
    "lat": null,
    "lng": null,
    "place_id": null,
    "formatted_address": "Bernardo Valdivieso, y, Loja 110108, Ecuador"
  },
  {
    "name": "Abisinia Café y Tostaduria",
    "city": "",
    "country": "Peru",
    "rank": 37,
    "category": "South America",
    "source_url": "https://theworlds100bestcoffeeshops.com/locales-south/abisinia-cafe-y-tostaduria/",
    "lat": null,
    "lng": null,
    "place_id": null,
    "formatted_address": "Rodríguez de Mendoza 245, Pueblo Libre 15084, Perú"
  },
  {
    "name": "Slow Brew Coffee Shop Cuenca",
    "city": "",
    "country": "Ecuador",
    "rank": 38,
    "category": "South America",
    "source_url": "https://theworlds100bestcoffeeshops.com/locales-south/slow-brew-coffee-shop-cuenca/",
    "lat": null,
    "lng": null,
    "place_id": null,
    "formatted_address": "Aurelio Aguilar V. 1-93 y, Cuenca 010107, Ecuador"
  },
  {
    "name": "Hb Bronze Coffeebar",
    "city": "",
    "country": "Bolivia",
    "rank": 39,
    "category": "South America",
    "source_url": "https://theworlds100bestcoffeeshops.com/locales-south/hb-bronze-coffeebar/",
    "lat": null,
    "lng": null,
    "place_id": null,
    "formatted_address": "Plaza Tomas Frias Illimani 1570, La Paz, Bolivia"
  },
  {
    "name": "Tres",
    "city": "",
    "country": "Argentina",
    "rank": 40,
    "category": "South America",
    "source_url": "https://theworlds100bestcoffeeshops.com/locales-south/tres/",
    "lat": null,
    "lng": null,
    "place_id": null,
    "formatted_address": "Teodoro García 2806, C1426DNB Cdad. Autónoma de Buenos Aires, Argentina"
  },
  {
    "name": "Don Salazar",
    "city": "",
    "country": "Peru",
    "rank": 41,
    "category": "South America",
    "source_url": "https://theworlds100bestcoffeeshops.com/locales-south/don-salazar/",
    "lat": null,
    "lng": null,
    "place_id": null,
    "formatted_address": "Calle Las Camelias 185 San Isidro, Peru"
  },
  {
    "name": "Cuervo Café",
    "city": "",
    "country": "Argentina",
    "rank": 42,
    "category": "South America",
    "source_url": "https://theworlds100bestcoffeeshops.com/locales-south/cuervo-cafe/",
    "lat": null,
    "lng": null,
    "place_id": null,
    "formatted_address": "El Salvador 4580, C1414 Cdad. Autónoma de Buenos Aires, Argentina"
  },
  {
    "name": "Punto Café",
    "city": "",
    "country": "Peru",
    "rank": 43,
    "category": "South America",
    "source_url": "https://theworlds100bestcoffeeshops.com/locales-south/punto-cafe/",
    "lat": null,
    "lng": null,
    "place_id": null,
    "formatted_address": "C. Piura 1251, Miraflores, 15074, Perú"
  },
  {
    "name": "Famosta Café",
    "city": "",
    "country": "Colombia",
    "rank": 44,
    "category": "South America",
    "source_url": "https://theworlds100bestcoffeeshops.com/locales-south/famosta-cafe/",
    "lat": null,
    "lng": null,
    "place_id": null,
    "formatted_address": "Av. Juan B Gutierrez #17-55, Pereira, Risaralda, Colombia"
  },
  {
    "name": "Negro Cueva de Café",
    "city": "",
    "country": "Argentina",
    "rank": 45,
    "category": "South America",
    "source_url": "https://theworlds100bestcoffeeshops.com/locales-south/negro-cueva-de-cafe/",
    "lat": null,
    "lng": null,
    "place_id": null,
    "formatted_address": "Suipacha 637, C1006 Cdad. Autónoma de Buenos Aires, Argentina"
  },
  {
    "name": "Libertario Coffee Roasters &#8211; Calle 70a",
    "city": "",
    "country": "Colombia",
    "rank": 46,
    "category": "South America",
    "source_url": "https://theworlds100bestcoffeeshops.com/locales-south/libertario-coffee-roasters-calle-70a/",
    "lat": null,
    "lng": null,
    "place_id": null,
    "formatted_address": "Cl. 70a # 5 - 37, Bogotá, Colombia"
  },
  {
    "name": "Surry Hills Coffee Palermo",
    "city": "",
    "country": "Argentina",
    "rank": 47,
    "category": "South America",
    "source_url": "https://theworlds100bestcoffeeshops.com/locales-south/surry-hills-coffee-palermo/",
    "lat": null,
    "lng": null,
    "place_id": null,
    "formatted_address": "Arévalo 2877, C1426 Cdad. Autónoma de Buenos Aires, Argentina"
  },
  {
    "name": "Azahar Café",
    "city": "",
    "country": "Colombia",
    "rank": 48,
    "category": "South America",
    "source_url": "https://theworlds100bestcoffeeshops.com/locales-south/azahar-cafe/",
    "lat": null,
    "lng": null,
    "place_id": null,
    "formatted_address": "Cl 93b #13-91, Bogotá, Colombia"
  },
  {
    "name": "D&#8217;Sala Caffe",
    "city": "",
    "country": "Peru",
    "rank": 49,
    "category": "South America",
    "source_url": "https://theworlds100bestcoffeeshops.com/locales-south/dsala-caffe/",
    "lat": null,
    "lng": null,
    "place_id": null,
    "formatted_address": "Jr Gonzalez Prada 543 Surquillo, Peru"
  },
  {
    "name": "Cafe Folks",
    "city": "",
    "country": "Chile",
    "rank": 50,
    "category": "South America",
    "source_url": "https://theworlds100bestcoffeeshops.com/locales-south/cafe-folks/",
    "lat": null,
    "lng": null,
    "place_id": null,
    "formatted_address": "O'Higgins 624, Puerto Varas, Región de Los Lagos, Chile"
  },
  {
    "name": "Café Melosa",
    "city": "",
    "country": "Venezuela",
    "rank": 51,
    "category": "South America",
    "source_url": "https://theworlds100bestcoffeeshops.com/locales-south/cafe-melosa/",
    "lat": null,
    "lng": null,
    "place_id": null,
    "formatted_address": "Centro San Ignacio, C. Elice, Caracas 1060, Distrito Capital, Venezuela"
  },
  {
    "name": "Florencia y Fortunata Specialty Coffee",
    "city": "",
    "country": "Peru",
    "rank": 52,
    "category": "South America",
    "source_url": "https://theworlds100bestcoffeeshops.com/locales-south/florencia-y-fortunata-specialty-coffee/",
    "lat": null,
    "lng": null,
    "place_id": null,
    "formatted_address": "Suecia 332, Cusco 08000, Perú"
  },
  {
    "name": "Roaster Specialty Coffee",
    "city": "",
    "country": "Bolivia",
    "rank": 53,
    "category": "South America",
    "source_url": "https://theworlds100bestcoffeeshops.com/locales-south/roaster-specialty-coffee/",
    "lat": null,
    "lng": null,
    "place_id": null,
    "formatted_address": "Calle Rene Moreno Bloque E N20 San Miguel, La Paz, Bolivia 20"
  },
  {
    "name": "Stratto Bodega de Café + Coffee Shop",
    "city": "",
    "country": "Ecuador",
    "rank": 54,
    "category": "South America",
    "source_url": "https://theworlds100bestcoffeeshops.com/locales-south/stratto-bodega-de-cafe-coffee-shop/",
    "lat": null,
    "lng": null,
    "place_id": null,
    "formatted_address": "Vizcaya, y E13-18, Quito 170525, Ecuador"
  },
  {
    "name": "Raiz Coffee",
    "city": "",
    "country": "Peru",
    "rank": 55,
    "category": "South America",
    "source_url": "https://theworlds100bestcoffeeshops.com/locales-south/raiz-coffee/",
    "lat": null,
    "lng": null,
    "place_id": null,
    "formatted_address": "Calle Porta 152, Miraflores, 15074, Perú"
  },
  {
    "name": "Café Buena Vista",
    "city": "",
    "country": "Bolivia",
    "rank": 56,
    "category": "South America",
    "source_url": "https://theworlds100bestcoffeeshops.com/locales-south/cafe-buena-vista/",
    "lat": null,
    "lng": null,
    "place_id": null,
    "formatted_address": "Calle los robles, C. los Claveles, Santa Cruz de la Sierra, Bolivia"
  },
  {
    "name": "Buho Nomada",
    "city": "",
    "country": "Chile",
    "rank": 57,
    "category": "South America",
    "source_url": "https://theworlds100bestcoffeeshops.com/locales-south/buho-nomada/",
    "lat": null,
    "lng": null,
    "place_id": null,
    "formatted_address": "Avenida Lago Peñuelas 1987, Región de Los Lagos, Puerto Montt, Chile"
  },
  {
    "name": "Colo Coffee",
    "city": "",
    "country": "Colombia",
    "rank": 58,
    "category": "South America",
    "source_url": "https://theworlds100bestcoffeeshops.com/locales-south/colo-coffee/",
    "lat": null,
    "lng": null,
    "place_id": null,
    "formatted_address": "Cra. 6a #117-26, Usaquén, Bogotá, Cundinamarca, Colombia"
  },
  {
    "name": "Atmosférico Cafetería de Especialidad",
    "city": "",
    "country": "Ecuador",
    "rank": 59,
    "category": "South America",
    "source_url": "https://theworlds100bestcoffeeshops.com/locales-south/atmosferico-cafeteria-de-especialidad/",
    "lat": null,
    "lng": null,
    "place_id": null,
    "formatted_address": "CC Diana Quintana 2. Locales 3-4 PB, Av. Samborondón, Samborondón 092301, Ecuador"
  },
  {
    "name": "Indera Experience Cafetería de especialidad",
    "city": "",
    "country": "Ecuador",
    "rank": 60,
    "category": "South America",
    "source_url": "https://theworlds100bestcoffeeshops.com/locales-south/indera-experience-cafeteria-de-especialidad/",
    "lat": null,
    "lng": null,
    "place_id": null,
    "formatted_address": "Junto a, Av. Lateral de Paso Angel F. Rojas, Loja 110102, Ecuador"
  },
  {
    "name": "Kofi &amp; Co",
    "city": "",
    "country": "Brazil",
    "rank": 61,
    "category": "South America",
    "source_url": "https://theworlds100bestcoffeeshops.com/locales-south/kofi-co/",
    "lat": null,
    "lng": null,
    "place_id": null,
    "formatted_address": "Rua Alexandre Dumas, 1518 - Chácara Santo Antônio (Zona Sul), São Paulo - SP, 04717-003, Brasil"
  },
  {
    "name": "TIPICA CAFÉ Milla de Oro",
    "city": "",
    "country": "Colombia",
    "rank": 62,
    "category": "South America",
    "source_url": "https://theworlds100bestcoffeeshops.com/locales-south/tipica-cafe-milla-de-oro/",
    "lat": null,
    "lng": null,
    "place_id": null,
    "formatted_address": "Cl. 5 Sur #42-17, El Poblado, Medellín, El Poblado, Medellín, Antioquia, Colombia"
  },
  {
    "name": "Coffee Busters Roastery",
    "city": "",
    "country": "Peru",
    "rank": 63,
    "category": "South America",
    "source_url": "https://theworlds100bestcoffeeshops.com/locales-south/coffee-busters-roastery/",
    "lat": null,
    "lng": null,
    "place_id": null,
    "formatted_address": "Av. Dos de Mayo 412, San Isidro, 15073, Perú"
  },
  {
    "name": "Mato Café",
    "city": "",
    "country": "Brazil",
    "rank": 64,
    "category": "South America",
    "source_url": "https://theworlds100bestcoffeeshops.com/locales-south/mato-cafe/",
    "lat": null,
    "lng": null,
    "place_id": null,
    "formatted_address": "R. Francisco Otaviano, 67 - Loja 13 - Ipanema, Rio de Janeiro - RJ, 22080-040, Brasil"
  },
  {
    "name": "Cafetería Tunki Katari",
    "city": "",
    "country": "Peru",
    "rank": 65,
    "category": "South America",
    "source_url": "https://theworlds100bestcoffeeshops.com/locales-south/cafeteria-tunki-katari/",
    "lat": null,
    "lng": null,
    "place_id": null,
    "formatted_address": "Av. San Borja Sur 610, Lima 15037, Perú"
  },
  {
    "name": "KOF &#8211; king of the fork",
    "city": "",
    "country": "Brazil",
    "rank": 66,
    "category": "South America",
    "source_url": "https://theworlds100bestcoffeeshops.com/locales-south/kof-king-of-the-fork/",
    "lat": null,
    "lng": null,
    "place_id": null,
    "formatted_address": "R. Artur de Azevedo, 1317 - Pinheiros, São Paulo - SP, 05404-013, Brasil"
  },
  {
    "name": "Cafe Ao Leu",
    "city": "",
    "country": "Brazil",
    "rank": 67,
    "category": "South America",
    "source_url": "https://theworlds100bestcoffeeshops.com/locales-south/cafe-ao-leu/",
    "lat": null,
    "lng": null,
    "place_id": null,
    "formatted_address": "R. Alm. Gonçalves, 50 - Loja L - Copacabana, Rio de Janeiro - RJ, 22060-040, Brasil"
  },
  {
    "name": "Primates Tostadores",
    "city": "",
    "country": "Chile",
    "rank": 68,
    "category": "South America",
    "source_url": "https://theworlds100bestcoffeeshops.com/locales-south/primates-tostadores/",
    "lat": null,
    "lng": null,
    "place_id": null,
    "formatted_address": "Calle 30 Oriente 1562, Región del Maule, Talca, Chile"
  },
  {
    "name": "Lucca Cafes Especiais",
    "city": "",
    "country": "Brazil",
    "rank": 69,
    "category": "South America",
    "source_url": "https://theworlds100bestcoffeeshops.com/locales-south/lucca-cafes-especiais/",
    "lat": null,
    "lng": null,
    "place_id": null,
    "formatted_address": "Alameda Pres. Taunay, 40 - Batel, Curitiba - PR, 80420-180, Brasil"
  },
  {
    "name": "María Julio Coffee Shop",
    "city": "",
    "country": "Colombia",
    "rank": 70,
    "category": "South America",
    "source_url": "https://theworlds100bestcoffeeshops.com/locales-south/maria-julio-coffee-shop/",
    "lat": null,
    "lng": null,
    "place_id": null,
    "formatted_address": "Cl. 29 #25-38, Manga, Cartagena de Indias, Provincia de Cartagena, Bolívar, Colombia"
  },
  {
    "name": "Kaweh Coffee Shop",
    "city": "",
    "country": "Ecuador",
    "rank": 71,
    "category": "South America",
    "source_url": "https://theworlds100bestcoffeeshops.com/locales-south/kaweh-coffee-shop/",
    "lat": null,
    "lng": null,
    "place_id": null,
    "formatted_address": "XQXX+FCC, entre Bolivar &, Bernardo Valdivieso, Loja, Ecuador"
  },
  {
    "name": "Puma Café",
    "city": "",
    "country": "Peru",
    "rank": 72,
    "category": "South America",
    "source_url": "https://theworlds100bestcoffeeshops.com/locales-south/puma-cafe/",
    "lat": null,
    "lng": null,
    "place_id": null,
    "formatted_address": "Sargento Enrique Villar 101, Lima 15074, Perú"
  },
  {
    "name": "Dagadá",
    "city": "",
    "country": "Ecuador",
    "rank": 73,
    "category": "South America",
    "source_url": "https://theworlds100bestcoffeeshops.com/locales-south/dagada/",
    "lat": null,
    "lng": null,
    "place_id": null,
    "formatted_address": "24 de Mayo, Loja, Ecuador"
  },
  {
    "name": "SOMOS Specialty Coffee",
    "city": "",
    "country": "Bolivia",
    "rank": 74,
    "category": "South America",
    "source_url": "https://theworlds100bestcoffeeshops.com/locales-south/somos-specialty-coffee/",
    "lat": null,
    "lng": null,
    "place_id": null,
    "formatted_address": "Km 7 73, Sucre, Bolivia"
  },
  {
    "name": "Coffeestylers",
    "city": "",
    "country": "Colombia",
    "rank": 75,
    "category": "South America",
    "source_url": "https://theworlds100bestcoffeeshops.com/locales-south/coffeestylers/",
    "lat": null,
    "lng": null,
    "place_id": null,
    "formatted_address": "Calle 57 #19-35, Bogotá, Colombia 110111"
  },
  {
    "name": "Amanecer Coffee Store",
    "city": "",
    "country": "Venezuela",
    "rank": 76,
    "category": "South America",
    "source_url": "https://theworlds100bestcoffeeshops.com/locales-south/amanecer-coffee-store/",
    "lat": null,
    "lng": null,
    "place_id": null,
    "formatted_address": "C.C. Plaza Mayor, Av. Via la Tapa de Pieda, Araure 3303, Portuguesa, Venezuela"
  },
  {
    "name": "ARTEMISA Coffee &amp; Cocktail Bar",
    "city": "",
    "country": "Chile",
    "rank": 77,
    "category": "South America",
    "source_url": "https://theworlds100bestcoffeeshops.com/locales-south/artemisa-coffee-cocktail-bar/",
    "lat": null,
    "lng": null,
    "place_id": null,
    "formatted_address": "Tajamar 287, R. Metropolitana, Las Condes, Chile"
  },
  {
    "name": "Alto Tostado Coffee Roasters &#8211; Santa Cruz",
    "city": "",
    "country": "Bolivia",
    "rank": 78,
    "category": "South America",
    "source_url": "https://theworlds100bestcoffeeshops.com/locales-south/alto-tostado-coffee-roasters-santa-cruz/",
    "lat": null,
    "lng": null,
    "place_id": null,
    "formatted_address": "Patio Design Lifestyle Centr, Av. Busch y, Santa Cruz de la Sierra, Bolivia"
  },
  {
    "name": "Eleganza Coffee Roasters",
    "city": "",
    "country": "Chile",
    "rank": 79,
    "category": "South America",
    "source_url": "https://theworlds100bestcoffeeshops.com/locales-south/eleganza-coffee-roasters/",
    "lat": null,
    "lng": null,
    "place_id": null,
    "formatted_address": "589R+4J Melipeuco, Melipeuco, Región de La Araucanía"
  },
  {
    "name": "Ciclos Café",
    "city": "",
    "country": "Peru",
    "rank": 80,
    "category": "South America",
    "source_url": "https://theworlds100bestcoffeeshops.com/locales-south/ciclos-cafe/",
    "lat": null,
    "lng": null,
    "place_id": null,
    "formatted_address": "Jr. Colina 111, Lima, 15063, Perú"
  },
  {
    "name": "BlackSoul Café Brewing Lab",
    "city": "",
    "country": "Bolivia",
    "rank": 81,
    "category": "South America",
    "source_url": "https://theworlds100bestcoffeeshops.com/locales-south/blacksoul-cafe-brewing-lab/",
    "lat": null,
    "lng": null,
    "place_id": null,
    "formatted_address": "A.Quijarro 1746, Cochabamba, Bolivia"
  },
  {
    "name": "MARRÓN CAFÉ",
    "city": "",
    "country": "Venezuela",
    "rank": 82,
    "category": "South America",
    "source_url": "https://theworlds100bestcoffeeshops.com/locales-south/marron-cafe/",
    "lat": null,
    "lng": null,
    "place_id": null,
    "formatted_address": "6X5J+GHJ, Av. 107, Valencia 2001, Carabobo, Venezuela"
  },
  {
    "name": "Laurino Coffee",
    "city": "",
    "country": "Colombia",
    "rank": 83,
    "category": "South America",
    "source_url": "https://theworlds100bestcoffeeshops.com/locales-south/laurino-coffee/",
    "lat": null,
    "lng": null,
    "place_id": null,
    "formatted_address": "630004, Cl. 3 Nte. #17-34, Armenia, Quindío, Colombia"
  },
  {
    "name": "Cafe Nexos",
    "city": "",
    "country": "Venezuela",
    "rank": 84,
    "category": "South America",
    "source_url": "https://theworlds100bestcoffeeshops.com/locales-south/cafe-nexos/",
    "lat": null,
    "lng": null,
    "place_id": null,
    "formatted_address": "entre calles 16 y 17 Avenida 5, Mérida 5115, Mérida, Venezuela"
  },
  {
    "name": "9 Gramos Café",
    "city": "",
    "country": "Colombia",
    "rank": 85,
    "category": "South America",
    "source_url": "https://theworlds100bestcoffeeshops.com/locales-south/9-gramos-cafe/",
    "lat": null,
    "lng": null,
    "place_id": null,
    "formatted_address": "Cra. 17 #10-07, Pereira, Risaralda, Colombia"
  },
  {
    "name": "MANVA Natural Market",
    "city": "",
    "country": "Venezuela",
    "rank": 86,
    "category": "South America",
    "source_url": "https://theworlds100bestcoffeeshops.com/locales-south/manva-natural-market/",
    "lat": null,
    "lng": null,
    "place_id": null,
    "formatted_address": "Calle Miranda edificio Elvira, Local 5 Chacao, planta baja, Caracas 1060, Miranda, Venezuela"
  },
  {
    "name": "Rita Specialty Coffee Armenia",
    "city": "",
    "country": "Argentina",
    "rank": 87,
    "category": "South America",
    "source_url": "https://theworlds100bestcoffeeshops.com/locales-south/rita-specialty-coffee-armenia/",
    "lat": null,
    "lng": null,
    "place_id": null,
    "formatted_address": "Armenia 1595, C1414 Cdad. Autónoma de Buenos Aires, Argentina"
  },
  {
    "name": "Café Black Mamba",
    "city": "",
    "country": "Chile",
    "rank": 88,
    "category": "South America",
    "source_url": "https://theworlds100bestcoffeeshops.com/locales-south/cafe-black-mamba/",
    "lat": null,
    "lng": null,
    "place_id": null,
    "formatted_address": "Eliodoro Yáñez 1228, local 104, R. Metropolitana, Providencia, Chile"
  },
  {
    "name": "Kaffe&#8217;i",
    "city": "",
    "country": "Paraguay",
    "rank": 89,
    "category": "South America",
    "source_url": "https://theworlds100bestcoffeeshops.com/locales-south/kaffei/",
    "lat": null,
    "lng": null,
    "place_id": null,
    "formatted_address": "Palma 438, Asunción 001013, Paraguay"
  },
  {
    "name": "Elevaria Café",
    "city": "",
    "country": "Peru",
    "rank": 90,
    "category": "South America",
    "source_url": "https://theworlds100bestcoffeeshops.com/locales-south/elevaria-cafe/",
    "lat": null,
    "lng": null,
    "place_id": null,
    "formatted_address": "Av. Fátima 285, Trujillo, 13008, Perú"
  },
  {
    "name": "Casa Berracos",
    "city": "",
    "country": "Uruguay",
    "rank": 91,
    "category": "South America",
    "source_url": "https://theworlds100bestcoffeeshops.com/locales-south/casa-berracos/",
    "lat": null,
    "lng": null,
    "place_id": null,
    "formatted_address": "Estero Bellaco 2835, 11600 Montevideo, Departamento de Montevideo, Uruguay"
  },
  {
    "name": "Senzuru Coffee",
    "city": "",
    "country": "Peru",
    "rank": 92,
    "category": "South America",
    "source_url": "https://theworlds100bestcoffeeshops.com/locales-south/senzuru-coffee/",
    "lat": null,
    "lng": null,
    "place_id": null,
    "formatted_address": "Las Palmeras 205, San Isidro 15073, Perú"
  },
  {
    "name": "Anella Café",
    "city": "",
    "country": "Venezuela",
    "rank": 93,
    "category": "South America",
    "source_url": "https://theworlds100bestcoffeeshops.com/locales-south/anella-cafe/",
    "lat": null,
    "lng": null,
    "place_id": null,
    "formatted_address": "6XCP+25H, Av. 104 La Victoria, Valencia 2001, Carabobo, Venezuela"
  },
  {
    "name": "Kajue Café",
    "city": "",
    "country": "Argentina",
    "rank": 94,
    "category": "South America",
    "source_url": "https://theworlds100bestcoffeeshops.com/locales-south/kajue-cafe/",
    "lat": null,
    "lng": null,
    "place_id": null,
    "formatted_address": "Guatemala 4665, C1425 Cdad. Autónoma de Buenos Aires, Argentina"
  },
  {
    "name": "Varietale Chapinero",
    "city": "",
    "country": "Colombia",
    "rank": 95,
    "category": "South America",
    "source_url": "https://theworlds100bestcoffeeshops.com/locales-south/varietale-chapinero/",
    "lat": null,
    "lng": null,
    "place_id": null,
    "formatted_address": "Cra. 4a #57-02, Bogotá, Colombia"
  },
  {
    "name": "Ninina",
    "city": "",
    "country": "Argentina",
    "rank": 96,
    "category": "South America",
    "source_url": "https://theworlds100bestcoffeeshops.com/locales-south/ninina/",
    "lat": null,
    "lng": null,
    "place_id": null,
    "formatted_address": "Gorriti 4738, C1414BJL Cdad. Autónoma de Buenos Aires, Argentina"
  },
  {
    "name": "Guanacoffee",
    "city": "",
    "country": "Peru",
    "rank": 97,
    "category": "South America",
    "source_url": "https://theworlds100bestcoffeeshops.com/locales-south/guanacoffee/",
    "lat": null,
    "lng": null,
    "place_id": null,
    "formatted_address": "Sta Isabel 140, Pueblo Libre, 15084, Perú"
  },
  {
    "name": "Barista Coffee House",
    "city": "",
    "country": "Argentina",
    "rank": 98,
    "category": "South America",
    "source_url": "https://theworlds100bestcoffeeshops.com/locales-south/barista-coffee-house/",
    "lat": null,
    "lng": null,
    "place_id": null,
    "formatted_address": "Ocampo 1404, S2000EYD Rosario, Santa Fe, Argentina"
  },
  {
    "name": "Café Bauda",
    "city": "",
    "country": "Chile",
    "rank": 99,
    "category": "South America",
    "source_url": "https://theworlds100bestcoffeeshops.com/locales-south/cafe-bauda/",
    "lat": null,
    "lng": null,
    "place_id": null,
    "formatted_address": "Pedro Montt 431, Castro, Región de Los Lagos, Chile"
  },
  {
    "name": "Calu&#8217;s",
    "city": "",
    "country": "Argentina",
    "rank": 100,
    "category": "South America",
    "source_url": "https://theworlds100bestcoffeeshops.com/locales-south/calus/",
    "lat": null,
    "lng": null,
    "place_id": null,
    "formatted_address": "Conesa 3705, C1429 C1429ALQ, Cdad. Autónoma de Buenos Aires, Argentina"
  }
]